Esquina 1,Esquina 2,6
Esquina 2,Esquina 3,10
Esquina 3,Esquina 4,13
Esquina 4,Esquina 5,10
Esquina 5,Esquina 6,14
Esquina 6,Esquina 7,10
Esquina 7,Esquina 8,9
Esquina 8,Esquina 9,11
Esquina 9,Esquina 10,6
Esquina 10,Esquina 11,9
Esquina 11,Esquina 12,5
Esquina 12,Esquina 13,9
Esquina 13,Esquina 14,7
Esquina 14,Esquina 15,5
Esquina 15,Esquina 16,6
Esquina 16,Esquina 17,15
Esquina 17,Esquina 18,14
Esquina 18,Esquina 19,14
Esquina 19,Esquina 20,15
Esquina 20,Esquina 21,15
Esquina 21,Esquina 22,14
Esquina 22,Esquina 23,10
Esquina 23,Esquina 24,10
Esquina 24,Esquina 25,9
Esquina 15,Esquina 1,7
Esquina 9,Esquina 7,11
Esquina 2,Esquina 13,10
Esquina 15,Esquina 23,15
Esquina 16,Esquina 25,6
Esquina 8,Esquina 22,6
Esquina 19,Esquina 23,11
Esquina 22,Esquina 4,11
Esquina 24,Esquina 1,14
Esquina 11,Esquina 16,8
Esquina 11,Esquina 14,15
Esquina 3,Esquina 20,6
Esquina 14,Esquina 8,12
Esquina 20,Esquina 18,5
Esquina 18,Esquina 16,14
Esquina 25,Esquina 22,10
Esquina 18,Esquina 19,10
Esquina 16,Esquina 11,5
Esquina 18,Esquina 17,15
Esquina 14,Esquina 5,5
Esquina 24,Esquina 23,7
Esquina 3,Esquina 14,10
Esquina 25,Esquina 17,15
Esquina 10,Esquina 23,13
Esquina 4,Esquina 16,10
